{
  "project_info": {
    "project_number": "569172694590",
    "firebase_url": "https://fir-7f672.firebaseio.com",
    "project_id": "fir-7f672",
    "storage_bucket": "fir-7f672.appspot.com"
  },
  "client": [
    {
      "client_info": {
        "mobilesdk_app_id": "1:569172694590:android:8387481e0668435782236f",
        "android_client_info": {
          "package_name": "demo.unity"
        }
      },
      "oauth_client": [
        {
          "client_id": "569172694590-s196onkujc3u5kfpo2aa41400nnj1ee3.apps.googleusercontent.com",
          "client_type": 3
        }
      ],
      "api_key": [
        {
          "current_key": "AIzaSyBoi0Ds83ZX6143HBzjWB7G3_lLmkhmwK0"
        }
      ],
      "services": {
        "appinvite_service": {
          "other_platform_oauth_client": [
            {
              "client_id": "569172694590-s196onkujc3u5kfpo2aa41400nnj1ee3.apps.googleusercontent.com",
              "client_type": 3
            }
          ]
        }
      }
    }
  ],
  "configuration_version": "1"
}